{"cameraMode":{"drawMode":0,"name":"Shaded","section":"Shading Mode"},"sceneLighting":true,"audioPlay":false,"sceneViewState":{"m_AlwaysRefresh":false,"showFog":true,"showSkybox":true,"showFlares":true,"showImageEffects":true,"showParticleSystems":true,"showVisualEffectGraphs":true,"m_FxEnabled":true},"in2DMode":false,"pivot":{"x":27.093643188476564,"y":21.201128005981447,"z":16.097623825073243},"rotation":{"x":-0.011046028696000576,"y":0.9889010787010193,"z":-0.10211455821990967,"w":-0.10660125315189362},"size":8.6972017288208,"orthographic":false}