{"cameraMode":{"drawMode":0,"name":"Shaded","section":"Shading Mode"},"sceneLighting":true,"audioPlay":false,"sceneViewState":{"m_AlwaysRefresh":false,"showFog":true,"showSkybox":true,"showFlares":true,"showImageEffects":true,"showParticleSystems":true,"showVisualEffectGraphs":true,"m_FxEnabled":true},"in2DMode":false,"pivot":{"x":19.43522071838379,"y":22.602991104125978,"z":16.206085205078126},"rotation":{"x":-0.019076483324170114,"y":-0.9724149703979492,"z":0.21581855416297913,"w":-0.08599597960710526},"size":7.09804630279541,"orthographic":false}